{"stats":{"minecraft:custom":{"minecraft:jump":96,"minecraft:leave_game":1,"minecraft:time_since_rest":8523,"minecraft:walk_on_water_one_cm":320,"minecraft:crouch_one_cm":168,"minecraft:sprint_one_cm":12793,"minecraft:play_time":8523,"minecraft:damage_taken":10,"minecraft:time_since_death":8523,"minecraft:walk_one_cm":2548,"minecraft:sneak_time":43,"minecraft:total_world_time":8523,"minecraft:walk_under_water_one_cm":251,"minecraft:swim_one_cm":2554,"minecraft:drop":1,"minecraft:fall_one_cm":2185,"minecraft:fly_one_cm":28240},"minecraft:dropped":{"minecraft:dirt":1},"minecraft:mined":{"minecraft:oak_wood":1,"minecraft:grass_block":1,"minecraft:oak_leaves":1},"minecraft:picked_up":{"minecraft:oak_wood":1,"minecraft:dirt":1}},"DataVersion":3465}