{"stats":{"minecraft:used":{"minecraft:spruce_door":1,"minecraft:stone_sword":191,"minecraft:dried_kelp":35,"minecraft:stone_pickaxe":26,"minecraft:oak_planks":4,"minecraft:spruce_planks":19,"minecraft:wooden_pickaxe":17,"minecraft:cooked_salmon":2,"minecraft:salmon":4,"minecraft:dirt":6,"minecraft:crafting_table":3,"minecraft:black_bed":1,"minecraft:spruce_log":3,"minecraft:spruce_boat":1,"minecraft:bread":1,"ars_nouveau:green_archwood_sapling":1,"minecraft:stone_axe":87,"minecraft:furnace":1,"minecraft:cooked_porkchop":1,"minecraft:porkchop":11,"minecraft:cooked_beef":7},"minecraft:custom":{"minecraft:interact_with_furnace":33,"minecraft:mob_kills":50,"minecraft:interact_with_crafting_table":6,"minecraft:interact_with_campfire":83,"minecraft:leave_game":3,"minecraft:time_since_death":73366,"minecraft:sleep_in_bed":3,"minecraft:climb_one_cm":296,"minecraft:time_since_rest":14134,"minecraft:sprint_one_cm":239066,"minecraft:damage_taken":1901,"minecraft:walk_one_cm":141291,"minecraft:drop":5,"minecraft:damage_dealt":7597,"minecraft:swim_one_cm":90127,"minecraft:fly_one_cm":507031,"minecraft:player_kills":1,"minecraft:open_chest":4,"minecraft:crouch_one_cm":3253,"minecraft:play_time":111794,"minecraft:deaths":3,"minecraft:sneak_time":1801,"minecraft:walk_under_water_one_cm":17938,"minecraft:boat_one_cm":148725,"minecraft:jump":1763,"minecraft:walk_on_water_one_cm":20498,"minecraft:total_world_time":111794,"minecraft:fall_one_cm":32410},"minecraft:broken":{"minecraft:stone_sword":1},"minecraft:killed":{"minecraft:pig":10,"minecraft:salmon":14,"minecraft:spider":18,"minecraft:squid":4,"minecraft:polar_bear":6,"minecraft:skeleton":2,"minecraft:zombie":26,"minecraft:chicken":2,"minecraft:stray":6,"minecraft:player":1,"minecraft:cow":6},"minecraft:dropped":{"ars_nouveau:archwood_planks":4,"minecraft:cobblestone":1,"minecraft:rotten_flesh":3,"minecraft:dirt":1},"minecraft:killed_by":{"minecraft:player":1,"minecraft:stray":1,"minecraft:zombie":1},"minecraft:picked_up":{"minecraft:crafting_table":3,"minecraft:feather":1,"minecraft:chicken":1,"minecraft:black_bed":1,"minecraft:salmon":9,"minecraft:leather":2,"minecraft:string":3,"minecraft:dirt":18,"minecraft:cooked_salmon":3,"ars_nouveau:green_archwood_sapling":1,"minecraft:bone":5,"minecraft:blackstone":1,"minecraft:kelp":133,"minecraft:wheat_seeds":7,"minecraft:spruce_planks":23,"minecraft:beef":7,"minecraft:oak_planks":4,"minecraft:furnace":2,"minecraft:dark_oak_sapling":4,"minecraft:stick":3,"minecraft:torch":1,"minecraft:porkchop":12,"minecraft:dried_kelp":76,"minecraft:ink_sac":2,"minecraft:spruce_log":38,"minecraft:carrot":1,"minecraft:spruce_door":1,"ars_nouveau:green_archwood_log":1,"minecraft:oak_wood":2,"minecraft:arrow":4,"minecraft:rotten_flesh":12,"minecraft:bone_meal":1,"minecraft:polished_blackstone":1,"minecraft:dark_oak_wood":1,"minecraft:cobblestone":19},"minecraft:crafted":{"minecraft:cooked_beef":7,"minecraft:oak_planks":4,"minecraft:cooked_porkchop":1,"ars_nouveau:archwood_planks":4,"minecraft:crafting_table":1,"minecraft:spruce_planks":60,"minecraft:dried_kelp":48,"minecraft:wooden_pickaxe":1,"minecraft:furnace":1,"minecraft:cooked_salmon":2,"minecraft:stone_axe":1,"minecraft:air":0,"minecraft:stick":8,"minecraft:stone_pickaxe":1,"minecraft:stone_sword":2,"minecraft:spruce_boat":1,"minecraft:dark_oak_planks":4,"minecraft:smoker":1},"minecraft:mined":{"minecraft:spruce_planks":9,"minecraft:glass_pane":1,"ars_nouveau:green_archwood_log":1,"minecraft:blackstone":9,"minecraft:dark_oak_leaves":2,"minecraft:kelp_plant":21,"ars_nouveau:green_archwood_leaves":2,"minecraft:crafting_table":3,"minecraft:dark_oak_wood":1,"minecraft:oak_wood":2,"minecraft:grass_block":1,"minecraft:tall_grass":22,"minecraft:cobblestone":2,"minecraft:oak_planks":4,"minecraft:kelp":1,"minecraft:seagrass":2,"minecraft:tall_seagrass":5,"minecraft:magma_block":11,"minecraft:furnace":2,"minecraft:spruce_log":38,"minecraft:light_gray_wool":1,"minecraft:black_bed":1,"minecraft:grass":43,"minecraft:potatoes":1,"minecraft:dirt":2,"minecraft:polished_blackstone":2,"minecraft:stone":17,"minecraft:oak_leaves":4,"minecraft:fern":1}},"DataVersion":3465}