{"stats":{"minecraft:crafted":{"minecraft:crafting_table":1,"minecraft:spruce_planks":20,"minecraft:stick":8,"minecraft:stone_pickaxe":1,"minecraft:stone_sword":1,"minecraft:stone_axe":1,"minecraft:cooked_rabbit":1,"minecraft:air":0},"minecraft:picked_up":{"minecraft:tipped_arrow":1,"minecraft:crafting_table":1,"minecraft:leather":2,"minecraft:wooden_pickaxe":1,"minecraft:spruce_log":6,"minecraft:wheat_seeds":2,"minecraft:hay_block":1,"minecraft:beef":3,"minecraft:rabbit":1,"minecraft:coal":40,"minecraft:cobblestone":12},"minecraft:used":{"minecraft:stone_sword":12,"minecraft:stone_pickaxe":47,"minecraft:wooden_pickaxe":8,"minecraft:stone_axe":1,"minecraft:beef":3,"minecraft:crafting_table":1},"minecraft:mined":{"minecraft:hay_block":1,"minecraft:spruce_log":5,"minecraft:crafting_table":1,"minecraft:grass":2,"minecraft:coal_ore":40,"minecraft:tall_grass":6,"minecraft:cobblestone":3,"minecraft:spruce_leaves":4,"minecraft:stone":8},"minecraft:killed_by":{"minecraft:player":1},"minecraft:custom":{"minecraft:time_since_rest":9681,"minecraft:interact_with_furnace":1,"minecraft:sprint_one_cm":50134,"minecraft:damage_taken":385,"minecraft:walk_one_cm":23541,"minecraft:mob_kills":2,"minecraft:damage_dealt":130,"minecraft:interact_with_crafting_table":1,"minecraft:fly_one_cm":93238,"minecraft:crouch_one_cm":2268,"minecraft:play_time":12608,"minecraft:deaths":1,"minecraft:sneak_time":887,"minecraft:jump":359,"minecraft:time_since_death":9652,"minecraft:total_world_time":12608,"minecraft:fall_one_cm":14683},"minecraft:killed":{"minecraft:rabbit":2,"minecraft:cow":2}},"DataVersion":3465}