{"stats":{"minecraft:crafted":{"minecraft:cooked_beef":2,"minecraft:crafting_table":1,"minecraft:spruce_planks":76,"minecraft:stick":12,"minecraft:wooden_pickaxe":1,"minecraft:cooked_chicken":2,"minecraft:stone_pickaxe":1,"minecraft:wooden_axe":2,"minecraft:furnace":1,"minecraft:torch":4,"minecraft:stone_axe":1,"minecraft:air":0},"minecraft:picked_up":{"minecraft:wooden_axe":1,"occultism:datura_seeds":2,"minecraft:crafting_table":4,"minecraft:feather":2,"minecraft:chicken":2,"minecraft:sweet_berries":10,"minecraft:leather":5,"minecraft:torch":4,"minecraft:porkchop":2,"minecraft:spruce_log":19,"minecraft:dirt":1,"minecraft:arrow":1,"minecraft:rotten_flesh":4,"minecraft:wheat_seeds":13,"minecraft:beef":14,"ars_nouveau:sourceberry_bush":23,"minecraft:coal":54,"iceandfire:raw_silver":1,"minecraft:cobblestone":19,"minecraft:furnace":1},"minecraft:mined":{"minecraft:furnace":1,"iceandfire:silver_ore":1,"minecraft:dark_oak_leaves":1,"minecraft:sweet_berry_bush":3,"minecraft:spruce_log":20,"minecraft:torch":3,"minecraft:crafting_table":4,"minecraft:grass":11,"minecraft:grass_block":1,"minecraft:coal_ore":31,"minecraft:tall_grass":7,"minecraft:cracked_stone_bricks":1,"minecraft:stone":19,"ars_nouveau:sourceberry_bush":9,"minecraft:mossy_stone_bricks":1,"minecraft:wall_torch":1},"minecraft:dropped":{"minecraft:sweet_berries":7,"minecraft:wooden_axe":1},"minecraft:used":{"minecraft:wooden_axe":41,"minecraft:stone_pickaxe":41,"occultism:datura_seeds":2,"minecraft:wooden_pickaxe":26,"minecraft:cooked_chicken":2,"minecraft:rotten_flesh":3,"minecraft:torch":4,"minecraft:stone_axe":28,"minecraft:crafting_table":3,"minecraft:furnace":2,"ars_nouveau:sourceberry_bush":27,"minecraft:cooked_beef":2},"minecraft:broken":{"minecraft:wooden_axe":1},"minecraft:custom":{"minecraft:time_since_rest":31301,"minecraft:interact_with_furnace":7,"minecraft:sprint_one_cm":59254,"minecraft:damage_taken":302,"minecraft:walk_one_cm":112389,"minecraft:mob_kills":19,"minecraft:drop":8,"minecraft:damage_dealt":3106,"minecraft:interact_with_crafting_table":5,"minecraft:fly_one_cm":94871,"minecraft:open_chest":1,"minecraft:crouch_one_cm":1476,"minecraft:play_time":31301,"minecraft:sneak_time":484,"minecraft:jump":519,"minecraft:time_since_death":31301,"minecraft:walk_on_water_one_cm":226,"minecraft:climb_one_cm":299,"minecraft:total_world_time":31301,"minecraft:fall_one_cm":11919},"minecraft:killed":{"minecraft:skeleton":2,"minecraft:zombie":14,"minecraft:pig":2,"minecraft:chicken":4,"minecraft:zombie_villager":2,"minecraft:spider":2,"minecraft:cow":12}},"DataVersion":3465}