{"stats":{"minecraft:crafted":{"minecraft:crafting_table":2,"minecraft:spruce_planks":20,"minecraft:stick":8,"minecraft:wooden_pickaxe":1,"minecraft:stone_pickaxe":1,"minecraft:furnace":1,"minecraft:torch":8,"minecraft:stone_axe":1},"minecraft:picked_up":{"occultism:datura_seeds":1,"minecraft:crafting_table":1,"minecraft:pitcher_plant":3,"minecraft:sweet_berries":11,"minecraft:torchflower":1,"minecraft:porkchop":1,"minecraft:spruce_sapling":1,"minecraft:spruce_log":5,"minecraft:dirt":13,"minecraft:wheat_seeds":13,"ars_nouveau:worn_notebook":1,"minecraft:red_tulip":1,"ars_nouveau:sourceberry_bush":6,"minecraft:oak_sapling":2,"minecraft:coal":19,"minecraft:cobblestone":52},"minecraft:mined":{"minecraft:sweet_berry_bush":4,"minecraft:torchflower":1,"minecraft:spruce_log":5,"minecraft:pitcher_plant":3,"minecraft:crafting_table":1,"minecraft:grass":117,"minecraft:red_tulip":1,"minecraft:grass_block":4,"minecraft:coal_ore":19,"minecraft:cherry_leaves":1,"minecraft:dirt":9,"minecraft:packed_ice":9,"minecraft:tall_grass":30,"minecraft:spruce_leaves":3,"ars_nouveau:sourceberry_bush":2,"minecraft:stone":52,"minecraft:oak_leaves":2,"minecraft:fern":2},"minecraft:used":{"minecraft:torchflower":1,"minecraft:stone_pickaxe":20,"minecraft:wooden_pickaxe":59,"minecraft:torch":3,"minecraft:stone_axe":3,"minecraft:dirt":1,"minecraft:pitcher_plant":3,"minecraft:crafting_table":2,"ars_nouveau:sourceberry_bush":6},"minecraft:dropped":{"minecraft:dirt":12,"minecraft:sweet_berries":11,"occultism:datura_seeds":1,"minecraft:wheat_seeds":12,"minecraft:oak_sapling":2,"minecraft:red_tulip":1,"minecraft:spruce_sapling":1},"minecraft:broken":{"minecraft:wooden_pickaxe":1},"minecraft:killed_by":{"minecraft:player":1,"minecraft:zombie":1},"minecraft:custom":{"minecraft:time_since_rest":17891,"minecraft:sprint_one_cm":47284,"minecraft:damage_taken":570,"minecraft:walk_one_cm":22583,"minecraft:mob_kills":1,"minecraft:drop":12,"minecraft:damage_dealt":492,"minecraft:interact_with_crafting_table":4,"minecraft:swim_one_cm":1539,"minecraft:fly_one_cm":121355,"minecraft:player_kills":1,"minecraft:crouch_one_cm":8501,"minecraft:play_time":29774,"minecraft:deaths":2,"minecraft:sneak_time":2270,"minecraft:walk_under_water_one_cm":1254,"minecraft:jump":531,"minecraft:leave_game":1,"minecraft:time_since_death":14281,"minecraft:walk_on_water_one_cm":788,"minecraft:climb_one_cm":153,"minecraft:total_world_time":29774,"minecraft:fall_one_cm":22904},"minecraft:killed":{"minecraft:pig":2,"minecraft:player":1}},"DataVersion":3465}