{"stats":{"minecraft:used":{"minecraft:stone_sword":124,"ars_nouveau:frostaya_pod":3,"minecraft:stone_pickaxe":1,"minecraft:baked_potato":1,"occultism:datura_seeds":1,"minecraft:wooden_pickaxe":59,"minecraft:light_gray_wool":1,"minecraft:stone_axe":60,"minecraft:salmon":1,"minecraft:crafting_table":2,"ars_nouveau:archwood_planks":8,"minecraft:carrot":2,"minecraft:snowball":4,"delightful:acorn":1},"minecraft:custom":{"minecraft:time_since_rest":6130,"minecraft:interact_with_furnace":5,"minecraft:sprint_one_cm":90705,"minecraft:damage_taken":1603,"minecraft:walk_one_cm":47084,"minecraft:mob_kills":26,"minecraft:drop":5,"minecraft:damage_dealt":5856,"minecraft:interact_with_crafting_table":4,"minecraft:swim_one_cm":15422,"minecraft:fly_one_cm":160476,"minecraft:player_kills":1,"minecraft:crouch_one_cm":1904,"minecraft:play_time":46886,"minecraft:deaths":6,"minecraft:bell_ring":34,"minecraft:sneak_time":1572,"minecraft:walk_under_water_one_cm":3172,"minecraft:jump":720,"minecraft:leave_game":1,"minecraft:time_since_death":5476,"minecraft:walk_on_water_one_cm":1989,"minecraft:sleep_in_bed":1,"minecraft:total_world_time":46886,"minecraft:fall_one_cm":19847},"minecraft:broken":{"minecraft:wooden_pickaxe":1},"minecraft:killed":{"minecraft:skeleton":4,"minecraft:zombie":16,"minecraft:stray":4,"minecraft:salmon":2,"minecraft:spider":18,"minecraft:iron_golem":2,"minecraft:player":1},"minecraft:dropped":{"minecraft:wheat_seeds":4,"minecraft:oak_sapling":6},"minecraft:killed_by":{"minecraft:player":1,"minecraft:creeper":2,"minecraft:spider":2,"minecraft:zombie":1},"minecraft:picked_up":{"occultism:datura_seeds":1,"minecraft:stick":1,"minecraft:crafting_table":2,"minecraft:salmon":1,"minecraft:potato":6,"ars_nouveau:blue_archwood_log":21,"minecraft:oak_log":6,"ars_nouveau:frostaya_pod":1,"minecraft:carrot":2,"minecraft:spider_eye":3,"minecraft:string":3,"minecraft:bone":1,"minecraft:arrow":4,"minecraft:rotten_flesh":2,"minecraft:bow":2,"minecraft:wheat_seeds":8,"delightful:acorn":1,"minecraft:iron_ingot":4,"minecraft:bone_meal":1,"minecraft:light_gray_wool":1,"minecraft:oak_sapling":6,"minecraft:snowball":4,"minecraft:cobblestone":59},"minecraft:crafted":{"minecraft:oak_planks":24,"ars_nouveau:archwood_planks":84,"minecraft:crafting_table":1,"minecraft:baked_potato":1,"minecraft:stick":16,"minecraft:wooden_pickaxe":1,"minecraft:stone_pickaxe":1,"minecraft:stone_sword":1,"minecraft:stone_axe":1,"minecraft:air":0},"minecraft:mined":{"ars_nouveau:blue_archwood_log":22,"minecraft:carrots":2,"minecraft:wheat":1,"minecraft:crafting_table":2,"minecraft:potatoes":5,"minecraft:grass":35,"minecraft:oak_log":6,"minecraft:tall_grass":20,"minecraft:stone":59,"minecraft:fern":1}},"DataVersion":3465}