{"stats":{"minecraft:crafted":{"minecraft:wooden_sword":1,"minecraft:oak_planks":24,"minecraft:wooden_shovel":1,"minecraft:crafting_table":3,"minecraft:spruce_planks":40,"minecraft:stick":12,"minecraft:wooden_pickaxe":1,"minecraft:stone_pickaxe":1,"minecraft:wooden_axe":1,"minecraft:stone_sword":1,"minecraft:stone_axe":1},"minecraft:picked_up":{"minecraft:tipped_arrow":1,"occultism:datura_seeds":3,"minecraft:stick":2,"minecraft:crafting_table":1,"minecraft:sweet_berries":21,"minecraft:leather":1,"minecraft:oak_log":6,"minecraft:spruce_sapling":1,"minecraft:spruce_log":10,"minecraft:dirt":38,"minecraft:spider_eye":1,"minecraft:string":1,"minecraft:bone":6,"minecraft:arrow":4,"minecraft:rotten_flesh":3,"minecraft:sea_pickle":3,"minecraft:wheat_seeds":6,"minecraft:beef":4,"minecraft:oak_sapling":1,"minecraft:mutton":1,"minecraft:snowball":136,"minecraft:white_wool":1,"minecraft:cobblestone":42},"minecraft:mined":{"minecraft:sweet_berry_bush":8,"minecraft:snow_block":34,"minecraft:spruce_log":10,"minecraft:crafting_table":1,"minecraft:grass":29,"minecraft:grass_block":6,"minecraft:oak_log":6,"minecraft:dirt":20,"minecraft:packed_ice":1,"minecraft:tall_grass":11,"minecraft:stone":43,"minecraft:oak_leaves":1,"minecraft:fern":2},"minecraft:dropped":{"minecraft:tipped_arrow":1,"minecraft:wooden_pickaxe":1},"minecraft:used":{"minecraft:wooden_axe":45,"minecraft:wooden_shovel":61,"minecraft:wooden_pickaxe":43,"minecraft:wooden_sword":55,"minecraft:cobblestone":3,"minecraft:crafting_table":4,"minecraft:sea_pickle":3,"minecraft:snowball":72},"minecraft:broken":{"minecraft:wooden_shovel":1},"minecraft:killed_by":{"minecraft:player":1,"minecraft:skeleton":1,"minecraft:creeper":1,"minecraft:zombie":1},"minecraft:custom":{"minecraft:time_since_rest":10243,"minecraft:sprint_one_cm":65888,"minecraft:damage_taken":1320,"minecraft:walk_one_cm":45828,"minecraft:mob_kills":14,"minecraft:drop":2,"minecraft:damage_dealt":2676,"minecraft:swim_one_cm":9540,"minecraft:damage_dealt_absorbed":75,"minecraft:interact_with_crafting_table":4,"minecraft:fly_one_cm":165360,"minecraft:player_kills":2,"minecraft:crouch_one_cm":3044,"minecraft:play_time":30309,"minecraft:deaths":5,"minecraft:sneak_time":1009,"minecraft:walk_under_water_one_cm":1456,"minecraft:jump":709,"minecraft:leave_game":2,"minecraft:time_since_death":10204,"minecraft:walk_on_water_one_cm":3471,"minecraft:total_world_time":30309,"minecraft:fall_one_cm":22799},"minecraft:killed":{"minecraft:skeleton":4,"minecraft:sheep":2,"minecraft:zombie":10,"minecraft:stray":2,"ars_nouveau:whirlisprig":2,"minecraft:spider":2,"minecraft:player":2,"minecraft:cow":4}},"DataVersion":3465}